{
    "top_10_by_24h": {
        "USELESS/USDT:USDT": {
            "24h": 0.426741,
            "48h": 0.496486,
            "168h": 1.374795,
            "currentFR": 0.119206,
            "fundingIntervalHours": 4,
            "nextFundingTime": null,
            "askTotalVolume": 10400.12,
            "bidTotalVolume": 6676.1
        },
        "AKT/USDT:USDT": {
            "24h": 0.357789,
            "48h": 0.503488,
            "168h": 1.16383,
            "currentFR": 0.016709,
            "fundingIntervalHours": 4,
            "nextFundingTime": null,
            "askTotalVolume": 13622.51,
            "bidTotalVolume": 24707.77
        },
        "SWARMS/USDT:USDT": {
            "24h": 0.2238,
            "48h": 0.301379,
            "168h": 1.049964,
            "currentFR": 0.005,
            "fundingIntervalHours": 4,
            "nextFundingTime": null,
            "askTotalVolume": 8760.7,
            "bidTotalVolume": 8468.3
        },
        "AVAAI/USDT:USDT": {
            "24h": 0.200885,
            "48h": 0.325402,
            "168h": 0.894925,
            "currentFR": 0.005,
            "fundingIntervalHours": 4,
            "nextFundingTime": null,
            "askTotalVolume": 5511.55,
            "bidTotalVolume": 8052.47
        },
        "TOKEN/USDT:USDT": {
            "24h": 0.197552,
            "48h": 0.362161,
            "168h": 1.205493,
            "currentFR": 0.005,
            "fundingIntervalHours": 4,
            "nextFundingTime": null,
            "askTotalVolume": 8107.41,
            "bidTotalVolume": 10347.03
        },
        "BROCCOLI/USDT:USDT": {
            "24h": 0.167271,
            "48h": 1.115212,
            "168h": 2.030733,
            "currentFR": 0.005,
            "fundingIntervalHours": 4,
            "nextFundingTime": null,
            "askTotalVolume": 3521.86,
            "bidTotalVolume": 5652.59
        },
        "ASR/USDT:USDT": {
            "24h": 0.154394,
            "48h": 0.253886,
            "168h": 0.574546,
            "currentFR": 0.005,
            "fundingIntervalHours": 4,
            "nextFundingTime": null,
            "askTotalVolume": 4940.14,
            "bidTotalVolume": 4175.59
        },
        "MIRA/USDT:USDT": {
            "24h": 0.145106,
            "48h": 0.175106,
            "168h": -0.405518,
            "currentFR": 0.00125,
            "fundingIntervalHours": 1,
            "nextFundingTime": null,
            "askTotalVolume": 11926.7,
            "bidTotalVolume": 10426.76
        },
        "OBOL/USDT:USDT": {
            "24h": 0.127218,
            "48h": 0.361462,
            "168h": 0.957214,
            "currentFR": 0.005,
            "fundingIntervalHours": 4,
            "nextFundingTime": null,
            "askTotalVolume": 6356.6,
            "bidTotalVolume": 11140.09
        },
        "CARV/USDT:USDT": {
            "24h": 0.125931,
            "48h": 0.238914,
            "168h": 0.879133,
            "currentFR": 0.00125,
            "fundingIntervalHours": 1,
            "nextFundingTime": null,
            "askTotalVolume": 4424.57,
            "bidTotalVolume": 3114.53
        }
    },
    "top_10_by_48h": {
        "BROCCOLI/USDT:USDT": {
            "24h": 0.167271,
            "48h": 1.115212,
            "168h": 2.030733,
            "currentFR": 0.005,
            "fundingIntervalHours": 4,
            "nextFundingTime": null,
            "askTotalVolume": 3521.86,
            "bidTotalVolume": 5652.59
        },
        "AKT/USDT:USDT": {
            "24h": 0.357789,
            "48h": 0.503488,
            "168h": 1.16383,
            "currentFR": 0.016709,
            "fundingIntervalHours": 4,
            "nextFundingTime": null,
            "askTotalVolume": 13622.51,
            "bidTotalVolume": 24707.77
        },
        "USELESS/USDT:USDT": {
            "24h": 0.426741,
            "48h": 0.496486,
            "168h": 1.374795,
            "currentFR": 0.119206,
            "fundingIntervalHours": 4,
            "nextFundingTime": null,
            "askTotalVolume": 10400.12,
            "bidTotalVolume": 6676.1
        },
        "TOKEN/USDT:USDT": {
            "24h": 0.197552,
            "48h": 0.362161,
            "168h": 1.205493,
            "currentFR": 0.005,
            "fundingIntervalHours": 4,
            "nextFundingTime": null,
            "askTotalVolume": 8107.41,
            "bidTotalVolume": 10347.03
        },
        "OBOL/USDT:USDT": {
            "24h": 0.127218,
            "48h": 0.361462,
            "168h": 0.957214,
            "currentFR": 0.005,
            "fundingIntervalHours": 4,
            "nextFundingTime": null,
            "askTotalVolume": 6356.6,
            "bidTotalVolume": 11140.09
        },
        "AVAAI/USDT:USDT": {
            "24h": 0.200885,
            "48h": 0.325402,
            "168h": 0.894925,
            "currentFR": 0.005,
            "fundingIntervalHours": 4,
            "nextFundingTime": null,
            "askTotalVolume": 5511.55,
            "bidTotalVolume": 8052.47
        },
        "SWARMS/USDT:USDT": {
            "24h": 0.2238,
            "48h": 0.301379,
            "168h": 1.049964,
            "currentFR": 0.005,
            "fundingIntervalHours": 4,
            "nextFundingTime": null,
            "askTotalVolume": 8760.7,
            "bidTotalVolume": 8468.3
        },
        "ASR/USDT:USDT": {
            "24h": 0.154394,
            "48h": 0.253886,
            "168h": 0.574546,
            "currentFR": 0.005,
            "fundingIntervalHours": 4,
            "nextFundingTime": null,
            "askTotalVolume": 4940.14,
            "bidTotalVolume": 4175.59
        },
        "CARV/USDT:USDT": {
            "24h": 0.125931,
            "48h": 0.238914,
            "168h": 0.879133,
            "currentFR": 0.00125,
            "fundingIntervalHours": 1,
            "nextFundingTime": null,
            "askTotalVolume": 4424.57,
            "bidTotalVolume": 3114.53
        },
        "ZEREBRO/USDT:USDT": {
            "24h": 0.115804,
            "48h": 0.218204,
            "168h": 0.632779,
            "currentFR": 0.005,
            "fundingIntervalHours": 4,
            "nextFundingTime": null,
            "askTotalVolume": 9263.54,
            "bidTotalVolume": 4107.18
        }
    },
    "top_10_by_168h": {
        "BROCCOLI/USDT:USDT": {
            "24h": 0.167271,
            "48h": 1.115212,
            "168h": 2.030733,
            "currentFR": 0.005,
            "fundingIntervalHours": 4,
            "nextFundingTime": null,
            "askTotalVolume": 3521.86,
            "bidTotalVolume": 5652.59
        },
        "USELESS/USDT:USDT": {
            "24h": 0.426741,
            "48h": 0.496486,
            "168h": 1.374795,
            "currentFR": 0.119206,
            "fundingIntervalHours": 4,
            "nextFundingTime": null,
            "askTotalVolume": 10400.12,
            "bidTotalVolume": 6676.1
        },
        "TOKEN/USDT:USDT": {
            "24h": 0.197552,
            "48h": 0.362161,
            "168h": 1.205493,
            "currentFR": 0.005,
            "fundingIntervalHours": 4,
            "nextFundingTime": null,
            "askTotalVolume": 8107.41,
            "bidTotalVolume": 10347.03
        },
        "AKT/USDT:USDT": {
            "24h": 0.357789,
            "48h": 0.503488,
            "168h": 1.16383,
            "currentFR": 0.016709,
            "fundingIntervalHours": 4,
            "nextFundingTime": null,
            "askTotalVolume": 13622.51,
            "bidTotalVolume": 24707.77
        },
        "SWARMS/USDT:USDT": {
            "24h": 0.2238,
            "48h": 0.301379,
            "168h": 1.049964,
            "currentFR": 0.005,
            "fundingIntervalHours": 4,
            "nextFundingTime": null,
            "askTotalVolume": 8760.7,
            "bidTotalVolume": 8468.3
        },
        "OBOL/USDT:USDT": {
            "24h": 0.127218,